name	title	subreddit	topic
t3_k58914	Trump and crew cash in with election fraud 'scare stories'	politics	
t3_k5d1um	Lawyers Condemn Michael Flynn and Lin Wood’s ‘Breathtakingly Morally Treasonous’ Call for Trump to Declare Martial Law and Hold New Election	politics	
t3_k5t4j5	Ivanka Trump deposed Tuesday as part of inauguration fund lawsuit	politics	
t3_k5ony8	Trump frustrated with Barr after election comments but officials don't want AG fired, sources say	politics	
t3_k5tlhd	Former Sanders press secretary: 'Principal concern' of Biden appointments should be policy	politics	
t3_k5dzf8	The past 24 hours in Trump’s legal issues and pardon news, explained	politics	
t3_k5g5d5	Freshly pardoned Michael Flynn shares message telling Trump to 'suspend the Constitution' to hold a new presidential election	politics	
t3_k5a5em	Big Telecom and the GOP Are Trying to Sabotage the Biden FCC	politics	
t3_k4qcko	"Don't be fooled: Trump's conspiracy theories won't discourage Georgia Republicans. Republican voters aren't fooled by Trump's lies about ""rigged"" elections — they think they're in on the con"	politics	
t3_k5hdq4	"After $1.5 Trillion Tax Cut for Rich, Trump Backs GOP Pay Freeze for Federal Workers as Pandemic Rages | Unions representing federal workers have denounced the proposed pay freeze as ""insulting"" and a ""cruel slap in the face."""	politics	
t3_k5ac22	'Someone's going to get killed': GOP official lashes out at Trump's rhetoric surrounding election in Georgia	politics	
t3_k57v6s	Donald Trump Just Paid $3 Million to Expand Joe Biden’s Margin of Victory	politics	
t3_k5k7lj	Biden warns Americans against traveling for Christmas	politics	
t3_k58qyl	Trump’s Racist Urban Myth Hides His Suburban Failures	politics	
t3_k5hfdo	Trump’s bias hawk FCC nominee is one step closer to confirmation	politics	
t3_k601u8	Democrats File Bar Complaint Against Trump Campaign Lawyer for ‘Blatant Threat’	politics	
t3_k5c2fy	Biden on beating Trump: 'I feel like I've done something good for the country'	politics	
t3_k5f429	Wisconsin governor calls Trump lawsuit an ‘assault’	politics	
t3_k5txl2	For Trump supporters primed to disbelieve defeat, challenging the election was a civic duty: In lawsuits to overturn the election, Trump supporters described what they saw, heard and suspected. Many of their allegations crumbled under scrutiny.	politics	
t3_k5bi6s	The Note: Amid threats of violence, Trump loyalty tests haunt GOP	politics	
t3_k4zhi4	Trump, Kushner, White House sued by watchdog to prevent illegal deletion of official emails, WhatsApp messages	politics	
t3_k4qwo5	Trump Is Wringing Every Last Cent Out of His Supporters on the Way Out	politics	
t3_k4wxx5	Trump associates, including Giuliani, are asking for pardons	politics	
t3_k4rc4b	Joe Biden should do everything at once | How to succeed in hyperpolarized politics: run a blitz.	politics	
t3_k5d4tm	Georgia elections official rebukes Trump after threats to workers	politics	
t3_k5j16n	Trump threatens defense spending veto over social media protections under Section 230	politics	
t3_k5jc3q	Trump Releases 46 Minutes Of Lies Falsely Asserting ‘Fraud’ In 2020 Election	politics	
t3_k5ghh8	The Time Trump Thought ‘Western Liberalism’ Meant California	politics	
t3_k4t3ox	Bank of America joins big U.S. banks that won’t finance oil in the Arctic refuge Trump opened to drilling	politics	
t3_k58g22	Swing-state counties that used Dominion voting machines mostly voted for Trump	politics	
t3_k583i6	Historian Ruth Ben-Ghiat: Trump's coup is not over; his enablers aren't done	politics	
t3_k5xc8b	Don't expect Biden to 'reset' relations with Beijing	politics	
t3_k5q4ez	Democrats seek disciplinary investigation for Trump lawyer who called for violence against former election cybersecurity official	politics	
t3_k5zsdf	Trump allies’ sloppy, error-riddled legal effort	politics	
t3_k4uuws	Georgia election official demands Trump stop 'inspiring' violence: 'Someone's going to get killed'	politics	
t3_k5g50n	Trump Is Burning Down the GOP on the Way Out	politics	
t3_k5mvdx	Ivanka Trump deposed in lawsuit involving inaugural committee's alleged misuse of funds	politics	
t3_k5bcwl	Trump will only pass $740bn defence bill in exchange for Section 230 repeal to cripple social media firms	politics	
t3_k5dwjl	Trump threatens defense veto over social media protections	politics	
t3_k5l85a	Trump rehashes vote-fraud claims for 46 minutes in his 'most important speech' ever	politics	
t3_k51kuo	Bill Barr has sounded the death knell on Trump's wild claims	politics	
t3_k5z3ht	Trump considering preemptive pardons for his children, report says	politics	
t3_k5d0ze	Trump threatens to veto defense policy bill unless Congress repeals Section 230, a safeguard for social media companies	politics	
t3_k5corh	Tom Cotton’s dumb attack on a Biden nominee hints at the future of Trumpism	politics	
t3_k5auqa	Ousted Trump Campaign Manager Names Biggest Reelection Blunder	politics	
t3_k5wx8l	The obvious (and less obvious) problems with Trump's epic rant: Trump has an actual job to do, but the post-policy president has abandoned it, instead investing his efforts into ridiculous 46-minute Facebook videos.	politics	
t3_k607d0	46 minutes that prove how dangerous Donald Trump is to democracy	politics	
t3_k5vtfs	Why Biden Budget Pick Neera Tanden Already Faces Republican Opposition	politics	
t3_k5usjn	Ex-RNC Chair Has 1 Damning Word For People Still Donating To Donald Trump	politics	
t3_k58kpw	Nevada doctor rebukes Trump’s retweet suggesting photo of covid medical unit was fake: ‘I was disappointed’	politics	
t3_k5vpui	Why Trump loves 'Evita,' and what it says about his presidency	politics	
t3_k5hgmu	What the Biden Team Needs To Do Now to Fight COVID-19	politics	
t3_k5zpyu	Trump admin to sell oil leases at Arctic wildlife refuge before Biden takes office	politics	
t3_k5l5td	Andrew Weissmann: Trump abandoned ‘all of the process that exists in the DOJ about how pardons are given’	politics	
t3_k5txl2	For Trump supporters primed to disbelieve defeat, challenging the election was a civic duty: In lawsuits to overturn the election, Trump supporters described what they saw, heard and suspected. Many of their allegations crumbled under scrutiny.	politics	
t3_k5fbz3	Biden says he can reach deals with McConnell	politics	
t3_k61ec8	Slow and Steady Just Won't Do: Why Biden Must Move Fast—and Go Big—on Climate	politics	
t3_k57fp6	Trump is threatening to veto $740 billion in military spending unless Congress revokes Section 230 — the internet law he hates	politics	
t3_k5hwa7	Michael Flynn Wants Trump To Declare Martial Law And Redo The Election	politics	
t3_k5z21h	‘This has to stop’: U.S. election officials condemn Trump, allies as threats increase	politics	
t3_k5g5d5	Freshly pardoned Michael Flynn shares message telling Trump to 'suspend the Constitution' to hold a new presidential election	politics	
t3_k5mvde	Charlie Sykes calls this time ‘the most dangerous 60 days of the Trump presidency’	politics	
t3_k5m7zo	Trump's grievances feed menacing undertow after the election	politics	
t3_k5ldqn	Choking — not cheating — was Trump's undoing	politics	
t3_k55wgb	Government watchdog sues Trump, Kushner and WH to prevent records being destroyed	politics	
t3_k5g5r4	U.S. Senate panel votes to approve Trump FCC nominee	politics	
t3_k5er8o	Biden brushes off criticism of budget nominee	politics	
t3_k5pvvl	Trump hasn't ruled out firing Attorney General Barr, sources say	politics	
t3_k4m4bw	Donald Trump Jr. tells Georgia Senate voters that Trump is on the ballot	politics	
t3_k576np	If Donald Trump pardons himself before he leaves office, will Joe Biden be able to undo it when he becomes president?	politics	
t3_k5f1mk	Fired Trump attorney Sidney Powell cited a prominent QAnon figure in her lawsuit to overturn Georgia's election results	politics	
t3_k5wdap	Biden Jokes That Barr Called For ‘Witness Protection’ After Denying Voter Fraud Claims	politics	
t3_k5x98l	Biden urged to change immigration policy to send more health workers to Covid hot spots	politics	
t3_k5rjnj	Ivanka Trump questioned under oath in lawsuit over misuse of inauguration funds	politics	
t3_k5cc88	Admit it, we underestimated Joe Biden	politics	
t3_k5rnpi	Trump's grievances feed menacing undertow after the election	politics	
t3_k5xmoz	In Georgia, some Trump supporters turn to Parler, a platform for a parallel universe	politics	
t3_k5fqjv	Biden asks 'Hamilton' creator Lin-Manuel Miranda to write another musical about Yellen	politics	
t3_k5zbfb	Trump Campaign Lawyer Forced To Resign From Elite Club Says He Was ‘Canceled’ For Execution Joke	politics	
t3_k5npes	EU looks forward to Biden resetting trans-Atlantic relations	politics	
t3_k5em04	Biden announces all-female White House communications team	politics	
t3_k5ngzw	Ivanka Trump Questioned Under Oath in Lawsuit Over Use of Inauguration Funds	politics	
t3_k5o1rt	'I'll see you in four years': Trump talks about a third run for president in 2024	politics	
t3_k5rc4n	Trump's advisors are frantically trying to stop him from firing Attorney General Barr as the president's fury hits a boiling point	politics	
t3_k5y583	Graham Implores Trump Legal Team To Do A Better Job Proving Bogus Election Fraud Claims	politics	
t3_k5a4yu	Trump threatens to veto defense bill unless social media shield is repealed	politics	
t3_k578c1	As Trump Rages, Voters in a Key County Move On: ‘I’m Not Sweating It’	politics	
t3_k5hcib	Wisconsin governor calls Trump lawsuit an 'assault'	politics	
t3_k60a1t	Trump and Bill Clinton pardon scandals should help Biden fix a flawed process - Biden can help restore the clemency review process to its former role as a normal, routine apparatus for granting presidential mercy to federal offenders.	politics	
t3_k5n6wx	Trump, in Video From White House, Delivers a 46-Minute Diatribe on the ‘Rigged’ Election	politics	
t3_k5nwz9	Suit claiming inaugural committee overpaid a Trump hotel moves forward with Ivanka Trump deposition.	politics	
t3_k5c656	Donald Trump Performed Worse With Voters in Counties Where He Held Large Rallies	politics	
t3_k5klp7	New PPP data shows two dozen businesses at Trump and Kushner properties received federal loans | Half of the program's allocated $522 billion in loans went to only 5% of recipients	politics	
t3_k595zm	Joe Exotic's lawyer thinks he's 'very, very close' to getting a presidential pardon from Trump	politics	
t3_k5jdvk	Alabama congressman plots to overturn Electoral College certifying Biden’s election win	politics	
t3_k5l3eb	One day after Justice Dept. found no evidence of widespread election fraud, Trump posts video filled with falsehoods.	politics	
t3_k4w02o	Someone's going to get killed: Georgia official slams Trump, others on post-election rhetoric	politics	
t3_k5r38x	The DOD is the largest employer on earth. Biden's pick to lead it matters.	politics	
t3_k5a9wu	After impassioned plea in Georgia, Trump makes things worse	politics	
t3_k5fup4	Trump’s Potential Super-Spreader Christmas Party Looks, and Sounds, Exactly as Horrifying as You’d Imagine	politics	
t3_k5wspz	Donald Trump is acting like a spoiled toddler — America must give him a permanent timeout	politics	
t3_k57lfn	Banished from the Trump legal team, attorney Sidney Powell still finds a guest chair on Fox	politics	
t3_k4kzrf	Trump shares posts asking ‘why bother voting for Republicans?’ ahead of key vote that could decide Senate	politics	
t3_k4zn7f	A Top Georgia Election Official Angrily Urged Trump To Condemn Supporters Who Are Threatening Election Workers	politics	
t3_k5dant	What can Biden do on climate change if Republicans keep Senate majority?	politics	
t3_k5vqc8	Trump Allies Discourage Georgia Residents From Voting In January Runoff	politics	
t3_k57chk	Klain to lead Biden White House in return of professionals	politics	
t3_k5mo37	'This is shameful!': Fox News co-host goes off on Trump voter fraud claims as 'nonsense' and 'ridiculous' in heated exchange	politics	
t3_k5esb1	Jake Tapper to interview Joe Biden and Kamala Harris in first joint interview since winning election	politics	
t3_k4kfzg	Biden readies major stimulus push and flurry of executive actions in first 100 days	politics	
t3_k60vq9	Rhode Island governor reportedly a finalist to be Biden's Health secretary	politics	
t3_k58r4v	On Twitter And TikTok, Biden Grandchildren May Offer Viral View Of White House Life	politics	
t3_k4t31q	Mitch McConnell for the first time appears to accept Biden's election victory over Trump	politics	
t3_k5m16b	Trump’s ban on transgender troops hurt the military, former service surgeons general say	politics	
t3_k58uhg	Trump supporter who gave $2.5m to fight election fraud wants money back	politics	
t3_k5qsst	Trump, Giuliani continue to peddle baseless election conspiracies about Michigan	politics	
t3_k5ysbb	Fauci to meet with Biden team for first time Thursday	politics	
t3_k582qs	Trump Threatens to Wreck Defense Bill Unless It Stops People Being Mean to Him on Twitter	politics	
t3_k5kcaj	Trump suggests election ‘revote’ after Supreme Court gets involved in bizarre Facebook video	politics	
t3_k5c5t5	The Most Unpardonable Presidential Power | Donald Trump is taking lame-duck pardons to obscene new levels, but he had a boost from his predecessors.	politics	
t3_k5qi7g	"Lindsey Graham begs Trump legal team to ""prove"" their claims as lawsuits fail in court"	politics	
t3_k5kq19	Trump rants against election results for 45 minutes in new video post	politics	
t3_k5v9sr	Tumult in Georgia signals Trump's post-presidency challenge for GOP	politics	
t3_k5jmda	As Biden prepares to rejoin the Paris Agreement, activists call for bold action	politics	
t3_k61vzf	Georgia GOP seeks mail-in ballot changes after Biden's win	politics	
t3_k60jk8	Dr Fauci to meet with Biden team today for the first time	politics	
t3_k59d1e	Trump Has Discussed Pardons for His 3 Eldest Children: NYT	politics	
t3_k5yhsu	Trump’s Conspiracy Theories Raise Turnout Challenges In Georgia Senate Runoffs	politics	
t3_k5lt7n	In video, Trump unspools unsubstantiated voter fraud charges	politics	
t3_k5p3bb	Sen. Inhofe sets Trump straight on defense bill in overheard conversation	politics	
t3_k620ra	Biden taps Brian Deese to lead National Economic Council	politics	
t3_k5boty	Trump Organization, Kushner Companies benefited from pandemic relief loans: report	politics	
t3_k56fb5	Donald Trump Doubles Down on Georgia Rhetoric Despite Official's Plea After Death Threats	politics	
t3_k4uamv	Trump reportedly ousts top Pentagon official leading ISIS fight	politics	
t3_k5tb11	Trump campaign files federal lawsuit against WEC, several mayors	politics	
t3_k5ih47	The big lie from Donald Trump	politics	
t3_k585hj	Trump Vows To Veto Defense Bill Unless Shield For Big Tech Is Scrapped	politics	
t3_k5zmyj	Trump Administration Rushes To Sell Oil Drilling Rights In Arctic Wildlife Refuge	politics	
t3_k59jpa	Navajo Nation's Dr. Jill Jim selected to serve on Biden-Harris COVID-19 Advisory Board	politics	
t3_k5irc3	Trump administration pushes pay freeze for federal workers, after initially calling for a 1 percent raise	politics	
t3_k59yvo	Why Trump Might Just Fade Away	politics	
t3_k5n8dw	Ap Fact Check: Trump's claims of vote rigging are all wrong	politics	
t3_k5nmkm	To Solve the COVID Crisis, We Must Push Biden to Put People Over Profits	politics	
t3_k5i07j	Trump campaign asks Michigan lawmakers to steal electors from Biden; GOP leaders say it won’t happen	politics	
t3_k5ixrj	Senate rushes to confirm Trump FCC nominee in order to hinder Biden admin	politics	
t3_k5ac22	'Someone's going to get killed': GOP official lashes out at Trump's rhetoric surrounding election in Georgia	politics	
t3_k5i214	Trump Is Headed to Georgia to “Help” With the Runoffs. The GOP Is Terrified.	politics	
t3_k4wxi7	'It has all gone too far': Georgia voting official tears into Trump, GOP senators for fueling threats against election workers and being 'complicit' with their silence	politics	
t3_k5d1b4	Biden’s Crisis-Tested Economy Team Charged with Driving Recovery	politics	
t3_k5jukg	Trump Just Went Full QAnon at the White House—And He Brought Charts	politics	
t3_k59gdq	Some Republican states would fight forced utility emissions cuts under Biden climate agenda	politics	
t3_k5n3st	Michael Flynn calls for Trump to suspend the constitution and declare martial law to re-run election	politics	
t3_k4zig3	Warren Presses Biden to Enact 'Effective Economic Stimulus' With Single Pen Stroke: Cancel Student Debt	politics	
t3_k5xwgm	Team Trump's Latest Witness Is an Absolute Trainwreck	politics	
t3_k5v8d8	Donald Trump has lost more than 200,000 Twitter followers since election day	politics	
t3_k5h6cw	Trump pulling dozens of diplomats out of Iraq	politics	
t3_k5v7ws	Trump’s Election Litigation Will Have Lasting Effects	politics	
t3_k5tw6a	"Bernie Sanders calls for ""unprecedented"" response to COVID crisis as Biden forms top team"	politics	
t3_k535f4	Biden: ‘We’re Going to Fight Like Hell by Investing in America First’ | My talk with Joe Biden on his first few months, and his next four years.	politics	
t3_k5lw1r	'They have not earned your vote': Trump allies urge Georgia Republicans to sit out Senate runoffs	politics	
t3_k4lhre	‘They can know that there are things coming’: Former cybersecurity chief hints at legal action against Trump campaign attorney - “The way I look at it is that we’re a nation of laws, and I plan to take advantage of those laws,” said Christopher Krebs.	politics	
t3_k5oqi2	To fight covid-19, Biden and Harris should get vaccinated — and do it live on TV	politics	
t3_k5o9n2	Watchdog sues Trump, Kushner and White House to prevent records from being illegally destroyed	politics	
t3_k4ls58	Obama says Dolly Parton not getting medal of freedom was 'screwup': 'I'll call Biden'	politics	
t3_k5uljc	Ex-Presidents fill leadership vacuum as Trump ignores worsening pandemic	politics	
t3_k5gfvh	Video from White House Christmas Party Shows Trump Suggesting 2024 Run: 'I'll See You in Four Years' — Some of the party attendees were seen without masks and standing closely together at the indoor gathering.	politics	
t3_k53kum	Trump campaign, GOP raised at least $170 million since Election Day pushing baseless election fraud claims	politics	
t3_k5xdlx	Amazon, Google, Walmart, and other leading firms, call on Biden, Congress to address climate change	politics	
t3_k5yg6m	Trump’s lame-duck pardons will all be legal, no matter how corrupt they look: There’s no way to challenge or overturn any of his pardons — unless he gives one to himself.	politics	
t3_k57chk	Klain to lead Biden White House in return of professionals	politics	
t3_k5xhe9	Trump expected to flex pardon powers on way out door	politics	
t3_k4unqz	Congress needs to fix Donald Trump's favorite loopholes — Trump has been adept at exploiting every loophole available to him in the law. Congress needs to go full post-Watergate and close off as many as possible.	politics	
t3_k61js8	Joe Biden is taking office amid a poverty crisis	politics	
t3_k61lsm	Sam Rohrer Says the ‘Coup’ to Allegedly Steal the Election From Trump Is a Sign of the End Times	politics	
t3_k5mtlr	Donald Trump’s surprise speech branded one of ‘most dishonest’ ever given by president	politics	
t3_k5wvpk	Trump campaign’s star witness in Michigan was deemed ‘not credible.’ Then, her loud testimony went viral.	politics	
t3_k5hdng	"GOP Wisconsin senator called Trump an ""a**hole,"" admitted Biden won in November phone call"	politics	
t3_k615r0	New records show Trump's DOJ rushed a no-bid contract for lethal injection drugs	politics	
t3_k5a9qc	"Suddenly Republicans want norms, ethics and ""civility"": Are they actually psychopaths? Trump is still trying to steal the election — but Republicans are now acting as if they never enabled this criminal"	politics	
t3_k5zdmf	Details Revealed in Trump’s Lame-Duck Pentagon Budget Draft | Some of the numbers are “fabricated,” says one official. But they shed light on GOP lines of attack awaiting Biden.	politics	
t3_k4obve	Chris Krebs hints at legal action against Trump campaign lawyer who suggested he be 'shot'	politics	
t3_k577hh	Trump has given up on Iran policy in his last weeks in office and told Pompeo he can do anything he wants, as long as it doesn't 'start World War III,' report says	politics	
t3_k5fni4	Trump pardon swamp gets deeper and deeper	politics	
t3_k5ouu1	The legal threats and headaches fueling pardon appeals from Trump's family and friends	politics	
t3_k58qik	EU looks forward to Biden resetting trans-Atlantic relations	politics	
t3_k5xvup	Trump’s Shameful Legacy - As the Trump presidency sputters to a conclusion, America must prioritize restoring the rule of law and strengthening democracy	politics	
t3_k5v5ib	Trump Promises To Defund The Entire Military, If Congress Won't Let Him Punish The Internet For Being Mean To Him	politics	
t3_k5em55	In battling COVID-19, Biden eyes stricter OSHA enforcement of workplaces	politics	
t3_k5uld6	Tim O’Brien: Trump’s 'mind is on fire with the reality' that he will no longer have the presidential safety-net	politics	
t3_k5n7lg	Trump escalates baseless attacks on election with 46-minute video rant	politics	
t3_k57cd5	Pardonpalooza: Trump eyeing preemptive reprieves for family and advisers	politics	
t3_k5anew	QAnon Left a Noose Outside a 20-Year-Old Election Worker's Home: Rather than condemning the death threats, President Trump doubled down on baseless conspiracy theories about election rigging.	politics	
t3_k5u5f2	Trump address using charts to ‘prove’ election was rigged is widely mocked with Twitter memes	politics	
t3_k61z6n	Trump hits Barr over voter fraud remarks: 'He hasn't looked'	politics	
t3_k4zvg5	Judge throws out Trump rules limiting skilled-worker visas	politics	
t3_k5vkjd	Leaked Files Show Trump's Ability To Alter Census May Come Down To The Wire	politics	
t3_k5ot57	Barr had 'intense' meeting with Trump after AG's interview undercutting voter fraud claims: Sources	politics	
t3_k5zkog	GOP panic about Trump’s trip to Georgia reveals a sad, vile truth	politics	
t3_k5yzwl	Analysis | The only experts Trump wants his supporters to rely on are themselves	politics	
t3_k5hm97	“They’re Gonna Have Their Hands Full”: Mary Trump Thinks Her Uncle’s Postpresidency Woes Are Just Beginning	politics	
t3_k5jbwt	Sidney Powell: Former Trump lawyer leads Georgia rally, calls on Republicans to boycott runoff elections. Rally attendees chant ‘lock him up’ toward Republican governor of Georgia Brian Kemp	politics	
t3_k5xmoz	In Georgia, some Trump supporters turn to Parler, a platform for a parallel universe	politics	
t3_k5vmzl	Ignoring Warnings His Election Lies Could Get People Killed, Trump Posts 46-Minute Rant Full of 'Unhinged' Falsehoods	politics	
t3_k5bssi	Georgia elections chief blames Trump language for 'growing threat' to election workers	politics	
t3_k4xrcx	Groups sue Trump and White House to stop destruction of administration records	politics	
t3_k5lqv9	"At pro-Trump Georgia rally, lawyer Lin Wood says don't vote for GOP Senators in ""rigged"" runoffs: ""They've not earned it"""	politics	
t3_k5q2uh	Census delay could scuttle Trump's plans to exclude immigrants	politics	
t3_k5zg8h	The GOP and the future of democracy in America | American democracy will not be secured by Trump’s departure from the White House. It will require the full participation of the party of Lincoln.	politics	
t3_k50036	Georgia Republican warns Trump is inciting violence over election: 'Someone will get hurt'	politics	
t3_k61xuj	GOP planning to use Trump’s fraud lies to make it harder to vote — could it backfire? Republicans want to make voting harder despite no evidence of widespread fraud. It could blow up in their faces	politics	
t3_k58hvw	Trump Inevitably Flips Out at Georgia Elections Official Who Begged Him to Stop Threats to Workers	politics	
t3_k5aw5g	Chris Wallace Reveals His ‘Trap Door’ Thought During Rowdy Trump-Biden Debate	politics	
t3_k5n6wx	Trump, in Video From White House, Delivers a 46-Minute Diatribe on the ‘Rigged’ Election	politics	
t3_k4l8iy	Arizona Gov. Doug Ducey Appears To Ignore Call From Trump While Certifying Election Result - The Republican governor heard plenty from the president on Twitter later.	politics	
t3_k5y9xu	How Is Trump’s Lawyer Jenna Ellis ‘Elite Strike Force’ Material?	politics	
t3_k5c419	Biden on rejoining Iran deal: 'The last goddamn thing we need in' Middle East 'is a buildup of nuclear capability'	politics	
t3_k5n830	'A fool': MAGA fans turn on Barr after debunking Trump's fraud	politics	
t3_k61vgz	After years in bed with Trump, Barr has trouble getting out	politics	
t3_k61oru	Anthony Fauci to meet with Joe Biden’s Covid transition team for first time	politics	
t3_k5kro6	Republicans cheer on a Trump 2024 run - Even in defeat, GOP lawmakers are loath to break with the president.	politics	
t3_k5gifg	Georgia election chief to Trump: Drop the fraud allegations	politics	
t3_k5jwix	Tracking the Trump Administration’s “Midnight Regulations”	politics	
t3_k5o1rt	'I'll see you in four years': Trump talks about a third run for president in 2024	politics	
t3_k5twyx	Trump's grievances feed menacing undertow after the election	politics	
t3_k5f4kz	The New Goldman Sachs? BlackRock Sees Clout Growing as Biden Taps Two Execs to Top Economic Posts	politics	
t3_k5dv2i	Flynn And Trump Stooges Urge President To Impose Martial Law And National 'Re-Vote'	politics	
t3_k5x4h2	Congress Decides To Ignore Trump's Ridiculous Veto Threat If Military Authorization Doesn't Wipe Out Section 230	politics	
t3_k5cmio	Biden to Carry Georgia After Second Recount: State Election Official	politics	
t3_k4pazd	A witness in Trump ally Sidney Powell's lawsuits says the voting results in 'Edison County' indicate fraud. No such place exists.	politics	
t3_k5zkog	GOP panic about Trump’s trip to Georgia reveals a sad, vile truth	politics	
t3_k5sqbc	Trump expected to flex pardon powers on way out door	politics	
t3_k5mi03	Biden says will not kill Phase 1 trade deal with China immediately - NYT	politics	
t3_k5ltkz	Ivanka Trump deposed in DC attorney general’s probe over alleged misuse of inauguration funds	politics	
t3_k5aisw	Biden to meet with U.S. workers hit by coronavirus pandemic	politics	
t3_k5ex2p	Could Trump pardon family members if they haven't been charged with a crime?	politics	
t3_k52x3i	Georgia election official implores Trump to stop fraud rhetoric, fears 'someone's going to get hurt'	politics	
t3_k554ji	Fmr. FBI lawyer: Why would Trump's kids need 'pre-emptive pardons'?	politics	
t3_k6009k	Trump’s final days in the White House could be his ‘most dangerous’, warns conservative pundit	politics	
t3_k5v8d8	Donald Trump has lost more than 200,000 Twitter followers since election day	politics	
t3_k4oa4q	Trump Campaign Lawyer Joe diGenova Could Be Disciplined for ‘Stunning’ Statement That Chris Krebs Should Be ‘Shot’	politics	
t3_k5zdmf	Details Revealed in Trump’s Lame-Duck Pentagon Budget Draft | Some of the numbers are “fabricated,” says one official. But they shed light on GOP lines of attack awaiting Biden.	politics	
t3_k5bnlu	If William Barr can admit Trump lost, why can’t other Republicans?	politics	
t3_k50j2e	Trump Accused by GOP Official of Inspiring Threats of Violence	politics	
t3_k4mrhz	Trump wants Georgia's GOP governor to 'call off the election'	politics	
t3_k5xbzn	Trump roils Georgia GOP as party waits to see if presidential visit helps — or hurts — in crucial Senate runoffs	politics	
t3_k5b1so	How Trump’s Legal Challenges of the Election Results Turned into a Tax-Deductible ‘Coup’	politics	
t3_k5zwci	Trump’s Unproven Vote Claims Lead to Cyber Staff Exodus	politics	
t3_k5xc8b	Don't expect Biden to 'reset' relations with Beijing	politics	
t3_k52wtk	'It has to stop': Georgia Republican says Trump's election rhetoric will lead to violence	politics	
t3_k5w6gm	Former Trump lawyer Sidney Powell is urging Republicans to boycott the Georgia Senate runoffs, even though the party desperately needs the votes	politics	
t3_k5spbc	Rick Wilson: Playing with Trump and his ‘sick game’ is ‘enormously corrosive’	politics	
t3_k5cwmf	Biden: Iran nuclear deal best way to avoid Middle East arms race	politics	
t3_k5iokc	Pelosi and McConnell Plan to Test Trump Veto on Defense Bill	politics	
t3_k61ap4	APEC leaders, including Trump, agree on free trade	politics	
t3_k5o1xj	Ivanka Trump gives deposition in lawsuit alleging misuse of inauguration funds	politics	
t3_k5mnoz	It’s already too late for Trump	politics	
t3_k531mu	'Someone's gonna get shot': Georgia official calls out Trump, senators over harsh election rhetoric	politics	
t3_k5axgi	"Michael Flynn's call for ""martial law"" comes amid violent threats over Trump election defeat"	politics	
t3_k59npc	Donald Trump Tells Christmas Party Guests At White House: 'See You In 4 Years'	politics	
t3_k5ww1u	‘Jim Crow’ Land Ownership Spurs Black Farmers’ Appeals to Biden	politics	
t3_k61bix	Mike Barnicle blasts Trump for 'mentally ill rant' on election	politics	
t3_k5gx3q	Trump tells crowded White House holiday gathering he might run again in 2024 | Streamed video of the party shows attendees crowded in a room, many not wearing masks	politics	
t3_k5mm4c	Arizona Governor Silences Trump's Call, Certifies Election	politics	
t3_k5e3fn	Trump using military funding as leverage in fight with tech giants	politics	
t3_k5vlqs	Donald Trump believes in clemency and mercy. But only for his friends and family	politics	
t3_k5h3yn	Georgia Hit With Another Voter Lawsuit, and It's Not From Trump	politics	
t3_k5frg3	White House refuses to say Trump has faith in Attorney General William Barr	politics	
t3_k4q44l	Trump Is Milking His Donors For All They’re Worth Before He Leaves Office	politics	
t3_k5xzv2	Ivanka Trump deposed as part of inauguration fund lawsuit	politics	
t3_k5v5ib	Trump Promises To Defund The Entire Military, If Congress Won't Let Him Punish The Internet For Being Mean To Him	politics	
t3_k5so5x	Conspiracy theories blow back on Trump's White House	politics	
t3_k5avje	Biden will carry Georgia after second recount: secretary of state	politics	
t3_k4k4cu	Trump attacks GOP governors, retweets 'why bother voting for Republicans'	politics	
t3_k61rx6	Trump’s Cruel And Unusual Parting Gift: A Spree Of Federal Executions	politics	
t3_k4js8c	'All About the Grift': Trump Reportedly Raises Over $150 Million for Non-Existent 'Election Defense Fund'	politics	
t3_k4y6fv	Former cybersecurity chief plans to take legal action after Trump lawyer calls for him to be shot	politics	
t3_k623xy	Trump Balks at Voicing Confidence in Barr After Election Remarks	politics	
t3_k5l85a	Trump rehashes vote-fraud claims for 46 minutes in his 'most important speech' ever	politics	
t3_k5qshz	Trump is reportedly 'livid' at Barr, has discussed terminating him	politics	
t3_k5bu03	Perdue, Loeffler ‘Won’t Apologize’ For Playing Up Trump’s Election Conspiracies	politics	
t3_k51ghs	‘Someone’s going to get killed’: GOP election official in Georgia blames President Trump for fostering violent threats	politics	
t3_k5qfg3	Ivanka Trump deposed as part of inauguration fund lawsuit	politics	
t3_k5x2yb	Ivanka Trump deposed in ongoing lawsuit alleging misused inaugural funds	politics	
t3_k5hum0	Wisconsin Gov. Calls Trump Election Fraud Lawsuit An ‘Assault’	politics	
t3_k50b0h	Tiger King's attorney believes they're close to getting pardon from Trump	politics	
t3_k52asz	Net Neutrality Tops To-Do List for FCC Democrats in Biden Era	politics	
t3_k604o2	Donald Trump's Foreign Policy Leaves Behind Destruction—and Opportunity—for Joe Biden	politics	
t3_k5hq25	Trump administration moves to weaken migratory bird protections	politics	
t3_k5u3to	Mary Trump Warns What Her Uncle Will Put 'Considerable Energy' Into Post-Presidency	politics	
t3_k5mwyb	Trump is said to be livid at Barr, with one official suggesting termination possible	politics	
t3_k4y1i3	Trump to boycott Biden’s inauguration and won’t even invite him for White House visit - report	politics	
t3_k5nst8	Pro-Trump attorneys tell Georgians not to vote in runoff until votes are 'secure'	politics	
t3_k5aa5g	Trump is leaving Washington as he governed — chaotically	politics	
t3_k5bp4d	Analysis: Another Trump presidential bid is the worst case scenario for Republicans	politics	
t3_k5ilf4	'Stop the Steal' rally asks Trump supporters not to vote in Georgia's Senate runoffs	politics	
t3_k5vnzy	Mary Trump said she thinks her uncle genuinely believes he won the election, and that he's the only person she knows 'who can gaslight himself'	politics	
t3_k4p9fa	A Trump Lawyer Just Called For the Execution of Trump's Former Election Security Chief	politics	
t3_k5dyyu	Georgia secretary of state says elections official who criticized Trump has his 'full support'	politics	
t3_k4upt0	Even after he’s gone, Trump will try to hog the spotlight. Ignore him, media colleagues | Opinion	politics	
t3_k5htfk	Joe Exotic reportedly spent $10,000 in Trump hotel hoping for presidential pardon	politics	
t3_k4xmzx	‘Gone Too Far’: Ga Election Official Torches Trump, Gop Sens For Silence On Death Threats	politics	
t3_k5kqb9	Expect a 'flurry' of pardons before Trump leaves office, source says	politics	
t3_k5a89v	Donald Trump's mini-monster: Stephen Miller wasn't born that way. Author Jean Guerrero on Stephen Miller's secrets: He likes to dress up as De Niro — and wants an all-white America.	politics	
t3_k5lxyg	Trump administration sets wave of executions for days leading up to Biden inauguration	politics	
t3_k4xrcx	Groups sue Trump and White House to stop destruction of administration records	politics	
t3_k5f2ki	Wisconsin Governor Urges Court to Reject President Trump’s ‘Shocking and Outrageous Assault on Our Democracy’	politics	
t3_k62745	Trump’s Cruel And Unusual Parting Gift: A Spree Of Federal Executions	politics	
t3_k5g5j0	Virginia to mark first test of post-Trump GOP	politics	
t3_k570zs	President Trump may pounce on a pardon for Joe Exotic, the Tiger King	politics	
t3_k4jmqi	House Democrats Demand Increase in IRS Funding to Go After 'Wealthy Tax Cheats'—Like Donald Trump	politics	
t3_k4yt47	Trump fired me for saying this, but I’ll say it again: The election wasn’t rigged	politics	
t3_k5kgfn	Trump posts Facebook video making more baseless allegations of widespread voter fraud	politics	
t3_k5vrv3	"Biden team weighs North Korea policy as the era of Trump's ""love"" letters with Kim ends"	politics	
t3_k5zhh2	What are the chances of Trump ending up in an orange jumpsuit?	politics	
t3_k5y4n8	Five reasons Trump's challenge of the 2020 election will not lead to civil war	politics	
t3_k514hr	Trump threatens to veto major defense bill unless it repeals Section 230, a legal shield for tech giants	politics	
t3_k5nhhp	Ivanka Trump questioned under oath in lawsuit over use of inauguration funds	politics	
t3_k5k8tm	Businesses at properties owned by the Trump Organization and Kushner Companies benefited from over 25 PPP loans worth $3.65 million, a new report shows	politics	
t3_k5dvyu	No Evidence of Fraud That Would Void Biden Victory, Barr Says	politics	
t3_k5fyzs	Trump’s Partisan Pardon Bonanza: Can He Really Do That? The president already pardoned Flynn, and he’s reportedly considering blanket, pre-emptive pardons for his children and Rudy G	politics	
t3_k5vp3h	Trump's Conspiracy Theories Raise Turnout Challenges In Georgia Senate Runoffs	politics	
t3_k5hy3k	Trump to stump for Loeffler, Perdue amid tensions with Georgia officials	politics	
t3_k4yt47	Trump fired me for saying this, but I’ll say it again: The election wasn’t rigged	politics	
t3_k5brx5	Doctor left stunned and ‘disappointed’ after Trump uses his image to falsely suggest Covid is a ‘scam’	politics	
t3_k5k8iu	Was 'Loser' Projected Onto the Lawn of Trump's Scottish Golf Course?	politics	
t3_k5dvte	Wisconsin governor calls Trump lawsuit an 'assault'	politics	
t3_k5aih4	Trump Openly Hints At 2024 Bid Following Reports Of Private Discussions	politics	
t3_k5lqv9	"At pro-Trump Georgia rally, lawyer Lin Wood says don't vote for GOP Senators in ""rigged"" runoffs: ""They've not earned it"""	politics	
t3_k5ur40	Republicans brace for Trump rally in Georgia	politics	
t3_k59w9l	Trump’s popular vote share drops below 47%, report says	politics	
t3_k4yo0t	'It has to stop': Georgia official calls on Trump to 'stop inspiring' death threats over election	politics	
t3_k5hcnl	Raffensperger on second recount: 'It looks like Vice President Biden will be carrying Georgia'	politics	
t3_k5w1oe	Conservative Pundit Fears Now Is ‘Most Dangerous’ Part Of Donald Trump’s Presidency	politics	
t3_k5w9an	Trump Hints at Another Act in Four Years, Just Like Grover Cleveland	politics	
t3_k5enpr	Biden's genius move	politics	
t3_k605h0	Watching Rep. Katie Porter Grill Trump Administration Officials Is Still My Favorite Pandemic Pastime	politics	
t3_k5cmio	Biden to Carry Georgia After Second Recount: State Election Official	politics	
t3_k624n9	Trump hits Barr over voter fraud remarks: 'He hasn't looked'	politics	
t3_k5awfi	Runoff Republicans urge Georgians to vote by mail despite Trump’s attacks	politics	
t3_k4qof8	"268,000 People Died and Scott Atlas Shrugged: Trump's ""Most Dangerous"" Covid Adviser Quits | Atlas brought no expertise in infectious diseases but plenty of misinformation to the position."	politics	
t3_k5mz7a	Mike Pence Backs Away From the Trump Election ‘Fraud’ Train Wreck	politics	
t3_k5k7vu	Trump raises $170 million as he looks to future	politics	
t3_k5hum0	Wisconsin Gov. Calls Trump Election Fraud Lawsuit An ‘Assault’	politics	
t3_k62745	Trump’s Cruel And Unusual Parting Gift: A Spree Of Federal Executions	politics	
t3_k4vh8x	Georgia official: Trump, U.S. senators complicit in potential violence	politics	
t3_k618o8	"Fauci to have first ""substantive discussions"" with Biden transition officials"	politics	
t3_k5ibkg	Trump's former national security advisor shared a message asking the president to suspend the Constitution, impose martial law, and hold a new election	politics	
t3_k5gtok	U.S. judge declines to sanction Trump campaign over alleged 'disinformation' tactic	politics	
t3_k4z1fa	Schumer: Barr likely ‘to be fired’ after disputing Trump’s voter fraud claims	politics	
t3_k5z21h	‘This has to stop’: U.S. election officials condemn Trump, allies as threats increase	politics	
t3_k4zm6n	Trump has discussed possible pardons for three eldest children, Kushner: report	politics	
t3_k5a1fg	Trump Doubles Down On Attacks That Have Inspired Death Threats Against GOP Officials In GA	politics	
t3_k5xdf0	Why Trump is threatening to veto this military bill	politics	
t3_k5hnyq	Republican U.S. lawmakers may defy Trump over defense bill veto threat	politics	
t3_k5lbcu	Ivanka Trump was deposed Tuesday in DC attorney general's inauguration lawsuit	politics	
t3_k5tw6a	"Bernie Sanders calls for ""unprecedented"" response to COVID crisis as Biden forms top team"	politics	
t3_k5mnoz	It’s already too late for Trump	politics	
t3_k521g9	Donald Trump fails to mention LGBT+ people in World AIDS Day speech for fourth year in a row	politics	
t3_k4nbz8	Krebs looking at legal 'opportunities' after Trump campaign lawyer said he should be 'shot'	politics	
t3_k5b6pg	MAGA-ite in Manhattan?: Ivanka Trump’s political ambitions seek new home after the White House	politics	
t3_k5m384	Pro-Trump attorneys Sidney Powell, Lin Wood urge Georgians not to vote in Senate runoffs without changes	politics	
t3_k5v00d	Election officials warn Trump’s escalating attacks on voting are putting their staffs at risk	politics	
t3_k5cxly	Biden says he won’t immediately lift tariffs Trump placed on China	politics	
t3_k4nruh	‘Plain and simple grift’: Trump has raised $170m since election day. Rob Flaherty, digital director of Joe Biden’s campaign, calls fund ‘plain and simple grift’	politics	
t3_k5ymoy	CNN boycotts Trump’s epic 46-minute ‘propaganda’ speech	politics	
t3_k4n9ae	After Trump Att’y Calls For His Death, Former DHS Official Warns That He Has Good Lawyers	politics	
t3_k4v6xj	"Georgia election official condemns Trump after threat to worker: Gabriel Sterling, an aide to Georgia's secretary of state, said Trump should ""stop inspiring people to commit potential acts of violence."""	politics	
t3_k5o8wf	Trump delivers 46-minute diatribe denying his election loss	politics	
t3_k5eo2k	Trump threatens to veto defense bill over social media rule	politics	
t3_k4ynnv	Rudy Giuliani, who has not been charged with a crime, discussed preemptive pardon with Trump: report. While Giuliani's specific legal exposure is unknown, he is a subject in at least two recent federal investigations	politics	
t3_k5cywk	Trump’s Family Pardon Plan Might Make Him a Bigger Criminal Target	politics	
t3_k5fhlh	Trump hates democracy: The president continues on his warpath against the election	politics	
t3_k4n1eh	Video shows Arizona governor ignoring 'Hail to the Chief' call while certifying Biden victory	politics	
t3_k5wy0m	Trump campaign lawyer resigns from Gridiron Club after saying Krebs should be shot	politics	
t3_k5wgeo	Business leaders privately ‘incredibly frustrated’ with Trump-era volatility: Box CEO	politics	
t3_k5c419	Biden on rejoining Iran deal: 'The last goddamn thing we need in' Middle East 'is a buildup of nuclear capability'	politics	
t3_k603wy	Ivanka Trump slams lawsuit as example of 'vindictiveness &amp; waste of taxpayer dollars'	politics	
t3_k5fa4c	Congress shoots down Trump's threat to veto defense bill	politics	
t3_k60wq4	A Sketchy Trump Appointee At Census Is Involved In Wacky GA Election Lawsuit	politics	
t3_k61qv9	Arizona Gov. Doug Ducey Confirms Trump Was On The Line When He Ignored Phone Call	politics	
t3_k5m0zp	President Trump Seriously Considering 2024 Run As He Continues False 2020 Claims	politics	
t3_k5oiia	Trump backers, including Flynn, edge toward a call to 'suspend' Constitution to head off Biden taking office	politics	
t3_k5mm4c	Arizona Governor Silences Trump's Call, Certifies Election	politics	
t3_k5p3bb	Sen. Inhofe sets Trump straight on defense bill in overheard conversation	politics	
t3_k597zt	Watch a Top Georgia Election Official Get Emotional Calling Out Trump’s Election Incitement	politics	
t3_k4ncrp	Rudy Giuliani reportedly seeks pardon from Donald Trump	politics	
t3_k4jmqi	House Democrats Demand Increase in IRS Funding to Go After 'Wealthy Tax Cheats'—Like Donald Trump	politics	
t3_k5f0l0	Pro-Trump ‘Prayer Warriors’ Declared in Wee Hours that ‘Valkyrie Will Fall’ and Trump Will Stay in Office | Right Wing Watch	politics	
t3_k5rgds	Analysis: Can Trump pre-pardon his children?	politics	
t3_k4za0j	This has to stop’: Georgia official calls out Trump, U.S. senators over threats to election workers	politics	
t3_k5ltkz	Ivanka Trump deposed in DC attorney general’s probe over alleged misuse of inauguration funds	politics	
t3_k5fup4	Trump’s Potential Super-Spreader Christmas Party Looks, and Sounds, Exactly as Horrifying as You’d Imagine	politics	
t3_k5laxk	What Is the Trans-Pacific Partnership (TPP)? | Though President Trump withdrew from the TPP, the remaining members of the trade pact have forged ahead with a new version, leaving the U.S. role in the Asia-Pacific in question.	politics	
t3_k624h5	The Obamas Are Producing a Comedy Series About Trump Being a Giant F--kup	politics	
t3_k4yyae	Nevada governor: 'Unconscionable' for Trump to suggest Reno's COVID-19 surge unit 'fake'	politics	
t3_k5lhwx	Donald Trump releases video statement repeating baseless vote fraud claims	politics	
t3_k5hgcq	Trump veto threat sparks Republican revolt on defense bill in big win for Democrats	politics	
t3_k50z0s	Georgia official: Trump inciting election violence	politics	
t3_k5n2xl	Michigan electors committed to Biden, despite Trump bid to overturn election	politics	
t3_k5ww9t	The challenges Biden will face on immigration reform	politics	
t3_k61anp	Demands for Probe, Possible Criminal Charges as Trump Accused of Withholding Data Needed to Reunite Families	politics	
t3_k585hq	Power Up: Ivanka Trump is leaving the White House. She may not leave politics.	politics	
t3_k5y4nk	Trump 'Fraud' Witness Also Believes Ghosts Are Haunting His Family	politics	
t3_k5l6qv	Defense bill moving forward with measure to scrub Confederate names from bases, rebuking Trump’s veto threat	politics	
t3_k5rz27	Trump’s press secretary denies any discussion of pardons for president’s family	politics	
t3_k6009k	Trump’s final days in the White House could be his ‘most dangerous’, warns conservative pundit	politics	
t3_k5img4	These Guys Fit Right Into America's Rich History of Greedy Bastards | The Trump and Kushner clans wet their beaks.	politics	
t3_k5uk4u	Trump’s Georgia rally sparks GOP anxiety	politics	
t3_k5mvdx	Ivanka Trump deposed in lawsuit involving inaugural committee's alleged misuse of funds	politics	
t3_k5xi81	Ivanka Trump quizzed as part of inauguration fund lawsuit	politics	
t3_k5efus	On Climate, Biden Must Do More than Undo Trump's Damage	politics	
t3_k5mnoz	It’s already too late for Trump	politics	
t3_k5fbhs	Texas Rep. Chip Roy denounces Trump’s threat to veto defense spending	politics	
t3_k4uzse	Federal Court Will Not Sanction Trump Campaign for Lying in Michigan Voting Lawsuit	politics	
t3_k5bgnf	Column: Trump and his ‘rigged election’ liars are going to get someone killed	politics	
t3_k5fa4c	Congress shoots down Trump's threat to veto defense bill	politics	
t3_k5w6gm	Former Trump lawyer Sidney Powell is urging Republicans to boycott the Georgia Senate runoffs, even though the party desperately needs the votes	politics	
t3_k585hq	Power Up: Ivanka Trump is leaving the White House. She may not leave politics.	politics	
t3_k61w2m	Trump refuses to say he has confidence in Attorney General Bill Barr	politics	
t3_k5jyiz	Trump’s odd new attack on Section 230 is probably doomed	politics	
t3_k5u9p6	Pro-Trump legal crusade peppered with bizarre blunders	politics	
t3_k5fpoj	In a Fox News interview, Parscale blames Trump’s lack of coronavirus empathy for his election loss.	politics	
t3_k5ijcy	Joe Biden has to move fast	politics	
t3_k5kwq3	Over $3.65 Million in PPP Loans Given to Businesses With Ties to Trump Organization, Kushner Properties	politics	
t3_k51pl6	Trump’s weakening of century-old bird preservation act worries South Texas environmentalists	politics	
t3_k5os05	U.S. Republicans balk as Trump uses defense bill for leverage on Big Tech	politics	
t3_k5y0n1	After Michael Flynn’s Pardon, Trump Officials Grilled on Pursuit of Turkish-Born Cleric	politics	
t3_k5jkrx	White House Hopes to Finish 2020 Strong With More Superspreader Events — The Trump administration plans to host at least 25 indoor holiday parties, says the Post.	politics	
t3_k51ohq	Historians Sue to Force Trump Administration to Preserve Records	politics	
t3_k5x5im	The White House could still be crawling with the coronavirus on Inauguration Day. It's a scenario that's keeping Biden's allies up at night.	politics	
t3_k51l8z	Trump reportedly discussed possibly pardoning his 3 eldest children, Jared Kushner, and personal attorney Rudy Giuliani with advisors	politics	
t3_k4w78u	Trump’s ‘Save America’ PAC Could Pay For Big Macs, Hush Money … Pretty Much Anything	politics	
t3_k5qyey	Trump’s threat to veto defense bill over social-media protections is heading to a showdown with Congress	politics	
t3_k5so5x	Conspiracy theories blow back on Trump's White House	politics	
t3_k5f09u	Senate Armed Services chair dismisses Trump threat to veto defense bill	politics	
t3_k61hei	Zients, Murthy tapped to head up Biden’s Covid-19 response	politics	
t3_k5g1lf	Election security chief fires back after Trump team said he should be shot	politics	
t3_k4vrjd	Ohio tea party leader urges Trump to suspend the Constitution, declare martial law to hold new vote	politics	
t3_k5f25s	Trump has already left the building but there's lots we can do while waiting for Biden	politics	
t3_k5zyn9	He works in a Covid-19 unit in a parking garage. Trump called it fake	politics	
t3_k4m9f8	Biden plans to reverse Trump’s anti-LGBT+ policies including trans military ban	politics	
t3_k5b43r	After Trump, Europe's Populist Leaders Will Have 'Lost One Of Their Cheerleaders'	politics	
t3_k5hl3h	Donald Trump and Jared Kushner receive $3.65m in PPP loan money intended for small businesses, report says	politics	
t3_k5z9ss	Trump administration schedules Arctic Alaska refuge lease sale for early January	politics	
t3_k5migc	The US government still can't find the parents of 628 migrant children, Trump administration says in new court filing	politics	
t3_k5suq4	Trump family asks to halt lawsuit accusing president of promoting marketing scam	politics	
t3_k5yjsi	Trump's election lies are part of a much broader strategy. Here’s how it works	politics	
t3_k628c6	Meet Biden’s Energy and Climate Cabinet Contenders	politics	
t3_k5bue2	Republicans know Trump's attempt to overturn the election is dangerous, but they're too cowardly to fight it	politics	
t3_k5ayp3	Susan Rice urges Georgia voters to help Democrats rectify America's 'near-death experience' under Trump	politics	
t3_k4n99x	Rudy Giuliani talked to Trump about getting a preemptive pardon before the president leaves office, report says	politics	
t3_k5er5h	The Newest Threat to National Defense: People Who Are Mean to Mr. Trump Online	politics	
t3_k537wr	Trump tells party guests if election challenge fails, ‘I’ll see you in four years’	politics	
t3_k4zqdg	Removing Trump Is Not Enough. He Must Be Prosecuted.	politics	
t3_k5pfyg	Biden Endorses $908 Billion Covid Relief Plan as ‘Down Payment’	politics	
t3_k59jy9	Trump lost to Biden because he lacked 'empathy' for coronavirus victims, says his former campaign manager	politics	
t3_k5av3f	Anderson Cooper Delivers Lengthy Takedown Of Donald Trump’s Latest ‘Con’	politics	
t3_k4zig3	Warren Presses Biden to Enact 'Effective Economic Stimulus' With Single Pen Stroke: Cancel Student Debt	politics	
t3_k59ji6	Biden’s Environmental Lawyers Tasked With Bulletproofing Agenda	politics	
t3_k5meun	Georgia Republicans Seek Cover From Trump’s Fury Over Loss	politics	
t3_k5qghs	Giuliani to Republicans: Pressure Legislature on Biden win	politics	
t3_k5ljq9	In video, Trump unspools unsubstantiated voter fraud charges. President Donald Trump has delivered a 46-minute diatribe against the election results that produced a win for Democrat Joe Biden, unspooling one misstatement after another to back his baseless claim that he really won	politics	
t3_k59l8u	Pro-Trump Attorney Lin Wood and Pardoned Michael Flynn Call for Trump to Declare Martial Law	politics	
t3_k4m8jq	Trump keeps retweeting the anonymous account 'Catturd2' which backs his baseless election-fraud claims. The handle is now trending.	politics	
t3_k5ezij	GOP chairman says repeal of tech shield not in defense bill despite Trump veto threat	politics	
t3_k4zda1	Trump Reportedly Considering Pardons For 3 Of His Children And Rudy Giuliani	politics	
t3_k5oulw	Ivanka Trump Questioned Under Oath in Inauguration Funds Lawsuit	politics	
t3_k50x06	Trump vows defense bill veto unless internet liability shield scrapped	politics	
t3_k5x2nt	How Trump could be trying to manipulate pardons to obstruct justice: Trump’s supposed pardon plans aren’t about righting injustices — they’re about obstructing it.	politics	
t3_k5wdap	Biden Jokes That Barr Called For ‘Witness Protection’ After Denying Voter Fraud Claims	politics	
t3_k609dp	Trump reportedly derailed a GOP meeting about the Georgia Senate runoffs by praising QAnon	politics	
t3_k5p8cy	RNC invites 2024 hopefuls to January meeting in show of neutrality toward Trump	politics	
t3_k5zlth	Rudy Giuliani denies seeking pardon from Trump before he leaves White House	politics	
t3_k4lpoi	Report: Trump Has Raised More Than $150M On Election Fraud Propaganda	politics	
t3_k5vaxe	I was an election monitor in Afghanistan. Trump's fraud claims follow a corrupt playbook.	politics	
t3_k5nd6i	The Conspiracy Theory That Could Hand Joe Biden the Senate	politics	
t3_k59sk4	What to do about that pardon Trump will grant himself	politics	
t3_k5vr69	Recently Pardoned Flynn Shares Call for Trump to Declare Martial Law and Make Military Oversee New Election	politics	
t3_k5zrb3	Trump and Barr had 'contentious' White House meeting this week, source says	politics	
t3_k50jgd	Biden Win May Curb U.S. Oil Drilling, Super-Charge Renewables	politics	
t3_k5wd6x	Republican congressman tells Trump to 'delete your account' after he tweets a 45-minute speech repeating baseless voter fraud claims	politics	
t3_k528q1	Trump talks of 'another four years' during White House Christmas reception	politics	
t3_k611os	Trump privately praised far-right QAnon movement for believing ‘in good government’, report says	politics	
t3_k5ibkg	Trump's former national security advisor shared a message asking the president to suspend the Constitution, impose martial law, and hold a new election	politics	
t3_k5483a	Fmr. FBI Lawyer: Why Would Trump's Kids Need 'Pre-Emptive Pardons'? | The 11th Hour | MSNBC	politics	
t3_k5fgai	A former Obama official says the Biden administration has its work cut out for it to fix refugee resettlement and asylum	politics	
t3_k5njpy	Trump to travel to Georgia on Saturday to rally for Perdue and Loeffler	politics	
t3_k5h0vp	Biden to meet with struggling workers, small-business owners about the economic crisis	politics	
t3_k5d1x2	Trump backs Republican COVID-19 package after McConnell rejects bipartisan proposal	politics	
t3_k5kw11	List of Republicans breaking with Trump grows longer	politics	
t3_k4lrw2	Rudy Giuliani's latest conspiracy: 'Illegal aliens' stole Arizona's election from Trump	politics	
t3_k5d6zr	GOP objects to Biden nominees, a sign of what's to come	politics	
t3_k5enda	Biden plans to keep Wray as FBI director: New York Times	politics	
t3_k5ffe1	Trump Lawyers Accused of Legal ‘Gamesmanship’ in Attempts to Keep Alleged Pyramid Scheme from Public Trial	politics	
t3_k5gbma	Talk Of 'Preemptive' Pardons By Trump Raises Questions: What Can He Do?	politics	
t3_k5zyn9	He works in a Covid-19 unit in a parking garage. Trump called it fake	politics	
t3_k624sy	'Ask me that in a number of weeks': Trump refuses to say if he has confidence in Attorney General Bill Barr	politics	
t3_k5nb0y	Biden Taps Two BlackRock Executives for Top Economic Posts	politics	
t3_k5en1v	How Trump’s blizzard of misleading fundraising emails explains his refusal to concede | It’s bad for the country, but it’s raking in the money for Trump.	politics	
t3_k5o9n2	Watchdog sues Trump, Kushner and White House to prevent records from being illegally destroyed	politics	
t3_k5qg8j	Trump posts speech on baseless voter fraud claims | Reuters Video	politics	
t3_k610ik	Trump reportedly tells Pompeo that he can do anything he wants in Iran bar ‘World War III’	politics	
t3_k60mxy	White House coronavirus adviser Fauci to meet with Biden transition team: CBS	politics	
t3_k5zf23	Trump Administration Rushes Ahead To Sell Drilling Rights In Arctic Wildlife Refuge	politics	
t3_k4z4tc	25 former D.C. Bar presidents: Lawyers should not be complicit in Trump’s attack on democracy	politics	
t3_k5wlps	Pardoning Giuliani Would Put Trump in Legal Jeopardy	politics	
t3_k5sw1n	As Covid rages, Trump rages about the election for 46 minutes	politics	
t3_k5zf23	Trump Administration Rushes Ahead To Sell Drilling Rights In Arctic Wildlife Refuge	politics	
t3_k5n8dw	Ap Fact Check: Trump's claims of vote rigging are all wrong	politics	
t3_k5npes	EU looks forward to Biden resetting trans-Atlantic relations	politics	
t3_k5zg8h	The GOP and the future of democracy in America | American democracy will not be secured by Trump’s departure from the White House. It will require the full participation of the party of Lincoln.	politics	
t3_k5vp3h	Trump's Conspiracy Theories Raise Turnout Challenges In Georgia Senate Runoffs	politics	
t3_k5ei5a	Mitch McConnell's dark pivot: Wreck the economy — and sabotage Biden's presidency	politics	
t3_k5jkrx	White House Hopes to Finish 2020 Strong With More Superspreader Events — The Trump administration plans to host at least 25 indoor holiday parties, says the Post.	politics	
t3_k5g1lf	Election security chief fires back after Trump team said he should be shot	politics	
t3_k5vipr	Republican senators urge Trump to dodge pardon controversies	politics	
t3_k5mz7a	Mike Pence Backs Away From the Trump Election ‘Fraud’ Train Wreck	politics	
t3_k5i2iq	Trump’s Grift May Shift Overseas After Leaving White House	politics	
t3_k5cyvs	Trump Takes His Donors to Graduate School at Trump University	politics	
t3_k5obsw	Biden transition advisers emerge as top contenders to run covid-19 response	politics	
t3_k60srf	Trump administration changes citizenship test to a more conservative angle; includes questions about communism and America's role in Vietnam.	politics	
t3_k59pwp	Biden said 'not another foot' of border wall; Texas Democrats will hold him to the promise	politics	
t3_k57xzd	Trump election claims raise red flags in Senate races	politics	
t3_k5dkgs	Judge throws out Trump rules limiting skilled-worker visas	politics	
t3_k5eu0f	Dear President Trump: election officials are facing death threats on your watch	politics	
t3_k5d99j	Ex-Trump campaign manager Brad Parscale says lack of empathy during pandemic cost him the election	politics	
t3_k4zbj3	Trump’s virus czar resigned, drawing cheers from health officials who say his ideas are dangerous.	politics	
t3_k5llh3	Roger Stone Says North Korean Boats Delivered Ballots Through Maine Harbor As Trump Boosts Fraud Claims	politics	
t3_k5dvmz	Trump Is Pondering Preemptively Pardoning His Kids Before Leaving Office	politics	
t3_k5f8d6	COVID task force says U.S. ‘in a very dangerous place’ as Trump plans Georgia rally	politics	
t3_k4va65	William Barr Kept Silent For Weeks As Trump’s Voter Fraud Conspiracy Theories Spread	politics	
t3_k5kmft	Pro-Trump Lawyers Say GOP Governor in Georgia Is a Chinese Agent and Blame George Soros	politics	
t3_k5m92o	Ivanka Trump deposed in lawsuit alleging misused inaugural funds	politics	
t3_k5v7i6	DeSantis doubles down on Trump-backed coronavirus approach	politics	
t3_k611os	Trump privately praised far-right QAnon movement for believing ‘in good government’, report says	politics	
t3_k5uu8y	Biden Should Go Big, and Then Brag About It	politics	
t3_k5ot57	Barr had 'intense' meeting with Trump after AG's interview undercutting voter fraud claims: Sources	politics	
t3_k5ilf4	'Stop the Steal' rally asks Trump supporters not to vote in Georgia's Senate runoffs	politics	
t3_k5azyf	U.S. judiciary, shaped by Trump, thwarts his election challenges	politics	
t3_k5p44a	Ex-Trump Lawyer Sidney Powell Urges Georgia Voters To Boycott Runoff Elections	politics	
